creeper,creep
creepy-crawly,creepy
cremation,cremate
crematorium,cremate
crepitation,crepitate
crier,cry
crooner,croon
cropper,crop
cross-examination,cross-examine
cross-examiner,cross-examine
cross-fertilisation,cross-fertilize
cross-pollination,cross-pollinate
cross-questioner,cross-question
crucifixion,crucify
cruiser,cruise
crusader,crusade
crystal gazer,crystal
crystallisation,crystallize
culmination,culminate in
cultivation,cultivate
cultivator,cultivate
cup-bearer,cup
curettage,curette
curler,curl
curtailment,curtail
curtain raiser,curtain
curvature,curve
cutter,cut
cyclist,cycle
dabbler,dabble
dalliance,dally
damnation,damn
damper,damp
dancer,dance
dauber,daub
dawdler,dawdle
daydreamer,daydream
dealer,deal
debarkation,debark
debasement,debase
debater,debate
debauchee,debauch
debauchery,debauch
debunker,debunk
decanter,decant
decapitation,decapitate
deceiver,deceive
decentralisation,decentralize
deception,deceive
decimalisation,decimalize
decimation,decimate
decision,decide
declamation,declaim
declaration,declare
declassification,declassify
declension,decline
declination,decline
decoder,decode
decolonisation,decolonize
decomposition,decompose
decompression,decompress
decongestant,de
decontamination,decontaminate
decoration,decorate
decorator,decorate
dedication,dedicate
deduction,deduct
de-escalation,de-escalate
defacement,deface
defalcation,defalcate
defamation,defame
defaulter,default
defeatism,defeat
defecation,defecate
defection,defect
defector,defect
defence,defend
defendant,defend
defender,defend
deference,defer
deferment,defer
defilement,defile
defiler,defile
definition,define
deflation,deflate
deflection,deflect
defoliant,defoliate
defoliation,defoliate
deforestation,deforest
deformation,deform
deformity,deform
defrayal,defray
defrayment,defray
defroster,defrost
degeneration,degenerate
degradation,degrade
dehumanisation,dehumanize
dehydration,dehydrate
deification,deify
dejection,deject
delegation,delegate
deletion,delete
deliberation,deliberate
delimitation,delimitate
delineation,delineate
deliverance,deliver
deliverer,deliver
delivery,deliver
delusion,delude
demagnetisation,demagnetize
demarcation,demarcate
demeanor,demean
demilitarisation,demilitarize
demister,demist
demobilisation,demobilize
democratisation,democratize
demolition,demolish
demonetisation,demonetize
demonstration,demonstrate
demonstrator,demonstrate
demoralisation,demoralize
demotion,demote
demystification,demystify
denationalisation,denationalize
denial,deny
denigration,denigrate
denomination,denominate
denominator,denominate
denotation,denote
denudation,denude
denunciation,denunciate
deodorant,deodorize
department,depart
departure,depart
dependant,depend upon
depiction,depict
depletion,deplete
deployment,deploy
depopulation,depopulate
deportation,deport
deportee,deport
deportment,deport
deposition,depose
depositor,deposit
depository,deposit
depravation,deprave
depravity,deprave
deprecation,deprecate
depreciation,depreciate
depredation,depredate
depression,depress
deprivation,deprive of
deputation,depute
deputy,depute
derailment,derail
derangement,derange
derision,deride
derivation,derive from
derogation,derogate
desalination,desalinate
desalinisation,desalinize
descendant,descend
descent,descend
description,describe
desecration,desecrate
desegregation,desegregate
desensitisation,desensitize
deserter,desert
desertion,desert
desiccant,desiccate
designation,designate
designer,design
desolation,desolate
desperation,despair
destination,destine
destroyer,destroy
destruction,destruct
detachment,detach
detainee,detain
detection,detect
detector,detect
detention,detain
deterioration,deteriorate
determinant,determine
determination,determine
determiner,determine
determinism,determine
detestation,detest
dethronement,dethrone
detonation,detonate
detonator,detonate
detraction,detract from
detractor,detract from
detribalisation,detribalize
devaluation,devaluate
devastation,devastate
developer,develop
development,develop
deviation,deviate
devitalisation,devitalize
devolution,devolve to
devotee,devote to
devotion,devote to
dibber,dib
dictation,dictate
dictator,dictate
differentiation,differentiate
diffraction,diffract
diffusion,diffuse
digestion,digest
digger,dig
digression,digress
dilapidation,dilapidate
dilation,dilate
dilution,dilute
diminution,diminish
diner,dine
dinner,dine
dipper,dip
direction,direct
direction finder,direction
director,direct
directory,direct
disability,disable
disablement,disable
disaffection,disaffect
disafforestation,disafforest
disagreement,disagree
disappearance,disappear
disappointment,disappoint
disapprobation,disapprove
disapproval,disapprove
disarmament,disarm
disarrangement,disarrange
disavowal,disavow
disbandment,disband
disbarment,disbar
disbeliever,disbelieve
disbursement,disburse
discernment,discern
disclaimer,disclaim
disclosure,disclose
discoloration,discolour
discomfiture,discomfit
discomposure,discompose
disconnection,disconnect
discontentment,discontent
discontinuance,discontinue
discouragement,discourage
discoverer,discover
discovery,discover
discrimination,discriminate
discussion,discuss
disembarkation,disembark
disembarrassment,disembarrass of
disenchantment,disenchant
disendowment,disendow
disengagement,disengage
disentanglement,disentangle
disestablishment,disestablish
disfigurement,disfigure
disforestation,disforest
disfranchisement,disfranchise
disheartenment,dishearten
dishwasher,dish
disillusionment,disillusion
disinclination,disincline
disinfectant,disinfect
disinfection,disinfect
disinfestation,disinfest
disinheritance,disinherit
disintegration,disintegrate
disinterment,disinter
dislocation,dislocate
dislodgement,dislodge
dismantlement,dismantle
dismemberment,dismember
dismissal,dismiss
disorganisation,disorganize
disorientation,disorientate
disparagement,disparage
dispatch rider,dispatch
dispensary,dispense
dispensation,dispense
dispenser,dispense
dispersal,disperse
dispersion,disperse
displacement,displace
displeasure,displease
disposal,dispose
disposition,dispose
dispossession,dispossess
disputant,dispute
disputation,dispute
disqualification,disqualify
disquietude,disquiet
disruption,disrupt
dissatisfaction,dissatisfy
dissection,dissect
dissembler,dissemble
dissemination,disseminate
dissension,dissent
dissenter,dissent
dissimulation,dissimulate
dissipation,dissipate
dissociation,dissociate
dissolution,dissolve
dissuasion,dissuade
distension,distend
distillation,distil
distiller,distil
distillery,distil
distortion,distort
distraction,distract
distraint,distrain
distribution,distribute
distributor,distribute
disturbance,disturb
disunity,disunite
divagation,divagate
dive-bomber,dive-bomb
diver,dive
diversification,diversify
diversion,divert
dividers,
divination,divine
diviner,divine
division,divide
divisor,divide
divulgence,divulge
documentation,document
dodderer,dodder
dodger,dodge
doer,do
dogcatcher,dog
doings,doing
domestication,domesticate
domination,dominate
donation,donate
door-keeper,door
door-knocker,door
doorstopper,door
dosage,dose
dosser,doss down
dotage,dote upon
double-crosser,double-cross
double-talker,double-talk
doubter,doubt
dowser,dowse
draftee,draft
drainage,drain
dramatisation,dramatize
draper,drape
drapery,drape
drawer,draw
dreamer,dream
dredger,dredge
dressage,dress
dresser,dress
dress-hanger,dress
dressmaker,dress
dribbler,dribble
drier,dry
driftage,drift
drifter,drift
drinker,drink
driveler,drivel
driver,drive
dropper,drop
droppings,dropping
drudgery,drudge
drummer,drum
dry-cleaner,dry-clean
duelist,duel
dueller,duel
dumper,dump
duplication,duplicate
duplicator,duplicate
duster,dust
dweller,dwell
dyer,dye
earner,earn
earnings,earning
eater,eat
eats,eat
eavesdropper,eavesdrop
echo-sounder,echo
edification,edify
edition,edit
editor,edit
education,educate
educator,educate
effacement,efface
effusion,effuse
egg-beater,egg
ejaculation,ejaculate
ejection,eject
ejector,eject
elaboration,elaborate
elation,elate
election,elect
elector,elect
electrification,electrify
electrocution,electrocute
elevation,elevate
elevator,elevate
elicitation,elicit
elimination,eliminate
elision,elide
elongation,elongate
elopement,elope
elucidation,elucidate
elusion,elude
emaciation,emaciate
emanation,emanate from
emancipation,emancipate
emancipator,emancipate
emasculation,emasculate
embalmer,embalm
embalmment,embalm
embankment,embank
embarkation,embark
embarrassment,embarrass
embellishment,embellish
embezzlement,embezzle
embezzler,embezzle
embitterment,embitter
embodiment,embody
embrocation,embrocate
embroidery,embroider
emendation,emend
emigrant,emigrate
emigration,emigrate
emissary,emit
emission,emit
emotion,emote
empalement,impale
emplacement,em
employee,employ
employer,employ
employment,employ
emulation,emulate
enactment,enact
encampment,encamp
enchainment,enchain
enchanter,enchant
enchantment,enchant
encirclement,encircle
enclosure,enclose
encouragement,encourage
encroachment,encroach
encrustation,encrust
encumbrance,encumber
endearment,endear to
endorsement,endorse
endowment,endow
endurance,endure
enfeeblement,enfeeble
enforcement,enforce
enfranchisement,enfranchise
engagement,engage
engine driver,engine
engraver,engrave
enhancement,enhance
enjoyment,enjoy
enlargement,enlarge
Enlightenment,enlighten
enlistment,enlist
ennoblement,ennoble
enquirer,inquire
enquiry,inquire
enrichment,enrich
enrollment,enrol
ensilage,ensile
enslavement,enslave
entanglement,entangle
entertainer,entertain
entertainment,entertain
enthronement,enthrone
enticement,entice
entitlement,entitle
entombment,entomb
entrance,enter
entrant,enter
entrapment,entrap
entreaty,entreat
entrenchment,entrench
entry,enter
enumeration,enumerate
enunciation,enounce
envelopment,envelop
environment,environ
environs,environ
equalisation,equalize
equation,equate
equator,equate
equipage,equip
equipment,equip
equivocation,equivocate
eradication,eradicate
eradicator,eradicate
eraser,erase
erasure,erase
erection,erect
erosion,erode
eructation,eructate
eruption,erupt
escalation,escalate
escalator,escalate
escapade,escape
escapee,escape
escapement,escape
escapism,escape
escapology,escape
escarpment,escarp
espousal,espouse
establishment,establish
estimation,estimate
estimator,estimate
estrangement,estrange
etcher,etch
etiolation,etiolate
evacuation,evacuate
evacuee,evacuate
evaluation,evaluate
evaporation,evaporate
evasion,evade
eviction,evict
evil-doer,evil
evocation,evoke
evolution,evolve
exacerbation,exacerbate
exaction,exact
exaggeration,exaggerate
exaltation,exalt
examination,examine
examiner,examine
exasperation,exasperate
excavation,excavate
excavator,excavate
exception,except
excision,excise
excitement,excite
exclamation,exclaim
exclusion,exclude
excogitation,excogitate
excommunication,excommunicate
excoriation,excoriate
excrement,excrete
excretion,excrete
exculpation,exculpate
execration,execrate
executant,execute
execution,execute
executor,execute
exemplification,exemplify
exemption,exempt
exertion,exert
exhalation,exhale
exhaustion,exhaust
exhibition,exhibit
exhibitor,exhibit
exhilaration,exhilarate
exhortation,exhort
exhumation,exhume
exoneration,exonerate
expanse,expand
expansion,expand
expectation,expect
expectorant,expectorate
expedition,expedite
expenditure,expend
expense,expend
experimentation,experiment
expiation,expiate
expiration,expire
expiry,expire
explainer,explain
explanation,explain
exploitation,exploit
exploiter,exploit
exploration,explore
explorer,explore
explosion,explode
exportation,export
exporter,export
exposition,expose
expostulation,expostulate
exposure,expose
expression,express
expropriation,expropriate
expropriator,expropriate
expulsion,expel
expurgation,expurgate
extemporisation,extemporize
extension,extend
extent,extend
extenuation,extenuate
exteriorisation,exteriorize
extermination,exterminate
externalisation,externalize
extinguisher,extinguish
extirpation,extirpate
extortion,extort from
extraction,extract
extradition,extradite
extrication,extricate
extrusion,extrude
exultation,exult
eyeliner,eye
eye-opener,eye
fabrication,fabricate
facer,face
face-saver,face
facilitation,facilitate
fact finder,fact
failure,fail
faker,fake
falsification,falsify
fancier,fancy
farmer,farm
fascination,fascinate
fashion designer,fashion
fastener,fasten
fault-finder,fault
federation,federate
feeder,feed
feeler,feel
felicitations,
fencer,fence
fender,fend off
fermentation,ferment
fertilisation,fertilize
fertiliser,fertilize
fibber,fib
fictionalisation,fictionalize
fiddler,fiddle
fidgets,fidget
fielder,field
fighter,fight
filings,filing
filtration,filtrate
financier,finance
finder,find
fire extinguisher,fire
fire fighter,fire
fire-eater,fire
firelighter,fire
fire-walker,fire
fire-watcher,fire
fisher,fish
fishery,fish
fitment,fit
fitter,fit
fixation,fix
fixity,fix
fixture,fix
flagellant,flagellate
flagellation,flagellate
flame-thrower,flame
flapper,flap
flasher,flash
flatterer,flatter
flattery,flatter
fledgeling,fledge
flier,fly
flipper,flip
flirtation,flirt
floatation,float
floater,float
floor-walker,floor
fluctuation,fluctuate
flunkey,flunk
fluoridation,fluoridate
fluoridisation,fluoridize
flycatcher,fly
fly-swatter,fly
folder,fold
follower,follow
fomentation,foment
foolery,fool
foot-slogger,footslog
forbearance,forbear
foreclosure,foreclose
forfeiture,forfeit
forger,forge
forgery,forge
forgiveness,forgive
formalisation,formalize
formation,form
formulation,formulate
fornication,fornicate
fortification,fortify
fortifier,fortify
fortune hunter,fortune
fortune-teller,fortune
fossilisation,fossilize
foundation,found
founder,found
foundling,find
foundry,found
fowler,fowl
foxhunter,foxhunt
fragmentation,fragment
fraternisation,fraternize
freelancer,freelance
freeloader,freeload
freezer,freeze
freighter,freight
frier,fry
frontage,front
fructification,fructify
abandonment,abandon
abasement,abase
abatement,abate
abbreviation,abbreviate
abdication,abdicate
abduction,abduct
abettor,abet
abidance by,abide by
abjuration,abjure
abnegation,abnegate
abolition,abolish
abomination,abominate
abortion,abort
abrasion,abrade
abridgement,abridge
abrogation,abrogate
absolution,absolve
absorption,absorb
abstainer,abstain
abstention,abstain
abstraction,abstract
abutment,abut on
acceleration,accelerate
accelerator,accelerate
accentuation,accentuate
acceptance,accept
acceptation,accept
accession,accede
acclamation,acclaim
acclimation,acclimate
acclimatisation,acclimatize
accommodation,accommodate
accompaniment,accompany
accompanist,accompany
accomplishment,accomplish
accordance,accord
accordion,accord
accountant,account
accretion,accrete
accumulation,accumulate
accumulator,accumulate
accusation,accuse
accuser,accuse
achievement,achieve
acknowledgement,acknowledge
acquaintance,acquaint with
acquirement,acquire
acquisition,acquire
acquittal,acquit
action,act
activation,activate
actor,act
adaptation,adapt
adapter,adapt
addiction,addict
addition,add
addressee,address
adhesion,adhere
adjournment,adjourn
adjudication,adjudicate
adjudicator,adjudicate
adjuration,adjure
adjuster,adjust
adjustment,adjust
administration,administer
administrator,administer
admiration,admire
admirer,admire
admission,admit
admittance,admit
admonition,admonish
adoption,adopt
adoration,adore
adorer,adore
adornment,adorn
adulation,adulate
adulator,adulate
adulterant,adulterate
adulteration,adulterate
adumbration,adumbrate
advancement,advance
advantage,advance
advertisement,advertise
advertiser,advertise
adviser,advise
aeration,aerate
affectation,affect
affection,affect
affiliation,affiliate
affirmation,affirm
affliction,afflict
afforestation,afforest
agglomeration,agglomerate
aggrandisement,aggrandize
aggravation,aggravate
aggregation,aggregate
aggression,aggress
aggressor,aggress
agitation,agitate
agitator,agitate
agreement,agree
ailment,ail
aircraft carrier,aircraft
alarmist,alarm
alienation,alienate
alignment,align
allegation,allege
alleviation,alleviate
alliance,ally
alliteration,alliterate
allocation,allocate
allotment,allot
allowance,allow
allurement,allure
allusion,allude to
alteration,alter
altercation,altercate
alternation,alternate
alternator,alternate
amalgamation,amalgamate
amazement,amaze
amelioration,ameliorate
amendment,amend
amends,amend
amortisation,amortize
amplification,amplify
amplifier,amplify
amputation,amputate
amputee,amputate
amusement,amuse
analyst,analyse
anchorage,anchor
angler,angle
animadversion,animadvert
animation,animate
annexation,annex
annihilation,annihilate
annotation,annotate
announcement,announce
announcer,announce
annoyance,annoy
annulment,annul
annunciation,annunciate
anointment,anoint
ant-eater,ant
anticipation,anticipate
appearance,appear
appeasement,appease
appendage,append
applause,applaud
appliance,apply
applicant,apply
application,apply
appointee,appoint
appointment,appoint
apposition,appose
appraisal,appraise
appraiser,appraise
appreciation,appreciate
apprehension,apprehend
approbation,approbate
appropriation,appropriate
approval,approve
approximation,approximate
arbitrament,arbitrate
arbitration,arbitrate
arbitrator,arbitrate
archer,arch
argument,argue
armament,
armor,arm
arms-runner,arms
arraignment,arraign
arrangement,arrange
arrester,arrest
arrival,arrive
articulation,articulate
ascension,ascend
ascription,ascribe to
aspersion,asperse
asphyxiation,asphyxiate
aspirant,aspire
aspiration,aspirate
assailant,assail
assassination,assassinate
assayer,assay
assemblage,assemble
assembly,assemble
assertion,assert
assessment,assess
assessor,assess
asseveration,asseverate
assignation,assign
assignment,assign
assimilation,assimilate
assistance,assist
assistant,assist
association,associate
assortment,assort
assumption,assume
assurance,assure
astonishment,astonish
atomizer,atomize
atonement,atone
attachment,attach
attacker,attack
attainment,attain
attention,attend
attenuation,attenuate
attestation,attest
attorney,attorn
attraction,attract
attribution,attribute to
auctioneer,auction
audition,audit
auditor,audit
augmentation,augment
auscultation,auscultate
authentication,authenticate
authorisation,authorize
auto-changer,auto
automation,automate
avenger,avenge
avoidance,avoid
avowal,avow
babbler,babble
baby-minder,baby
baby-sitter,baby-sit
backbiter,backbite
backer,back
backscratcher,back
backslider,backslide
bafflement,baffle
baggage,bag
bailee,bail
bailment,bail
bailor,bail
baker,bake
bakery,bake
bandage,band
banger,bang
banishment,banish
banker,bank
barker,bark
barnstormer,barn
barrage,bar
bartender,bar
barterer,barter
bastardisation,bastardize
bather,bathe
battlements,
beachcomber,beach
bearer,bear
beater,beat
beatification,beatify
bedevilment,bedevil
begetter,beget
beggar,beg
beginner,begin
beguilement,beguile
behavior,behave
beholder,behold
believer,believe
bell-founder,bell
belongings,belonging
bent,bend
bereavement,bereave
besieger,besiege
bestowal,bestow
betrayal,betray
betrayer,betray
betrothal,betroth
better,bet
betterment,better
bewilderment,bewilder
bidder,bid
bifurcation,bifurcate
billiard-marker,billiard
billiard-player,billiard
bill-poster,bill
bill-sticker,bill
binder,bind
bindery,bind
bird fancier,bird
bird-watcher,bird
birth,bear
bisection,bisect
blackmailer,blackmail
blandishments,
blasphemer,blaspheme
blazer,blaze
bleacher,bleach
bleeder,bleed
blender,blend
blighter,blight
blinder,blind
blinders,
blinkers,
bloater,bloat
blockade,block
blockade-runner,blockade
blockage,block
blockbuster,block
bloodsucker,blood
bloomer,bloom
blotter,blot
blower,blow
bluffer,bluff
blunderer,blunder
blusterer,bluster
boarder,board
boaster,boast
boater,boat
body snatcher,body
boiler,boil
bombardier,bombard
bombardment,bombard
bomber,bomb
bondage,bond
bond-holder,bond
bone-setter,bone
boneshaker,bone
bookbinder,book
bookbindery,book
book-keeper,book
bookmaker,book
bookmarker,book
bookseller,book
booster,boost
bootlegger,bootleg
boozer,booze
bopper,bop
borer,bore
borrower,borrow
botcher,botch
bouncer,bounce
boundary,bound
bounder,bound
bowler,bowl
boxer,box
braggart,brag
brawler,brawl
breadwinner,bread
breakage,break
breaker,break
breathalyser,breathalyse
breather,breathe
breech-loader,breech
breeder,breed
brewer,brew
brewery,brew
bribery,bribe
bricklayer,brick
broadcaster,broadcast
broiler,broil
brooder,brood
bruiser,bruise
brutalisation,brutalize
buckler,buckle
buffer,buff
bugger,bug
buggery,bugger
bug-hunter,bug
bugler,bugle
builder,build
bulldozer,bulldoze
bullfighter,bull
bummer,bum
bumper,bump
bungler,bungle
burglar,burgle
burglary,burgle
burial,bury
burner,burn
bushwhacker,bushwhack
busker,busk
buster,bust
buyer,buy
buzzer,buzz
bystander,stand by
cabdriver,cab
cabinet-maker,cabinet
cablegram,cable
cackler,cackle
cadger,cadge
cajolery,cajole
calculation,calculate
calculator,calculate
calibration,calibrate
caller,call
camp follower,camp
campaigner,campaign
camper,camp
can opener,can
canalisation,canalize
cancellation,cancel
cannery,can
canoeist,canoe
canonisation,canonize
cantonment,canton
capitalisation,capitalize
capitulation,capitulate
captivation,captivate
carbonation,carbonate
carbonisation,carbonize
carburetor,carburet
caretaker,care
caricaturist,caricature
caroler,carol
carousal,carouse
carpet sweeper,carpet
carpet-beater,carpet
carriage,carry
carrier,carry
carryings-on,carrying on
cartage,cart
carter,cart
carver,carve
caseworker,case
cashier,cash
caster,cast
castigation,castigate
castration,castrate
catcher,catch
catchment,catch
caterer,cater
causation,cause
cave-dweller,cave
caviler,cavil
celebrant,celebrate
celebration,celebrate
cement mixer,cement
censer,cense
centralisation,centralize
cerebration,cerebrate
certificate,certify
certification,certify
chain-smoker,chain-smoke
challenger,challenge
changeling,change
chantry,chant
chapelgoer,chapel
characterisation,characterize
charcoal burner,charcoal
charger,charge
charmer,charm
chaser,chase
chastisement,chastise
chatterer,chatter
checker,check
chicanery,chicane
chiller,chill
chimneysweeper,chimney
chiseler,chisel
chlorination,chlorinate
choker,choke
chopper,chop
choppers,
chronicler,chronicle
chucker-out,chuck out
churchgoer,church
cigarette holder,cigarette
cigarette lighter,cigarette
circuit breaker,circuit
circulation,circulate
circumcision,circumcise
circumnavigation,circumnavigate
circumscription,circumscribe
circumvention,circumvent
citation,cite
civilisation,civilize
claimant,claim
clanger,clang
clangor,clang
clapper,clap
clarification,clarify
classification,classify
cleaner,clean
cleanser,cleanse
clearance,clear
cleavage,cleave
cleaver,cleave
cliff-hanger,cliff
climber,climb
clincher,clinch
clinker,clink
clipper,clip
clippie,clip
clock-watcher,clock
clodhopper,clod
closure,close
clothes hanger,clothes
clothier,clothe
coach-builder,coach
coagulant,coagulate
coagulation,coagulate
coat hanger,coat
cobbler,cobble
codification,codify
coercion,coerce
coexistence,coexist
cogitation,cogitate
cohabitation,cohabit
cohesion,cohere
coinage,coin
coiner,coin
collaboration,collaborate
collaborator,collaborate
collation,collate
collection,collect
collectivisation,collectivize
collector,collect
collision,collide
collocation,collocate
collusion,collude
colonisation,colonize
coloniser,colonize
coloration,colour
combatant,combat
comber,comb
combination,combine
combustion,combust
comer,come
come-uppance,come up
comforter,comfort
commandant,command
commander,command
commandment,command
commemoration,commemorate
commencement,commence
commendation,commend
commentator,commentate
commiseration,commiserate with
commissary,commit
commission,commit
commissioner,commission
commitment,commit
committal,commit
committee,commit
communicant,communicate
communication,communicate
communion,commune
commutation,commute
commutator,commutate
commuter,commute
comparison,compare
compensation,compensate
competition,compete
competitor,compete
compilation,compile
compiler,compile
complainant,complain
complainer,complain
complaint,complain
completion,complete
complication,complicate
component,compose
comportment,comport
composer,compose
composition,compose
compositor,compose
composure,compose
comprehension,comprehend
compression,compress
compressor,compress
comptroller,control
compulsion,compel
computation,compute
computer,compute
concatenation,concatenate
concealment,conceal
concentration,concentrate
concept,conceive
conception,conceive
concertgoer,concert
concession,concede
conciliation,conciliate
conclusion,conclude
concoction,concoct
concrete mixer,concrete
concretion,concrete
concussion,concuss
condemnation,condemn
condensation,condense
condenser,condense
condescension,condescend
condolence,condole with
condonation,condone
conductance,conduct
conduction,conduct
conductor,conduct
confabulation,confabulate
confederation,confederate
conference,confer
conferment,confer
confession,confess
confessor,confess
confidant,confide
confinement,confine
confines,confine
confirmation,confirm
confiscation,confiscate
conflation,conflate
conformance,conform
conformation,conform
conformist,conform
conformity,conform
confrontation,confront
confusion,confuse
confutation,confute
congestion,congest
conglomeration,conglomerate
congratulation,congratulate
congregation,congregate
conjugation,conjugate
conjunction,conjoin
conjuration,conjure
conjurer,conjure
connection,connect
connivance,connive
connotation,connote
conqueror,conquer
conscription,conscript
consecration,consecrate
conservancy,conserve
conservation,conserve
consideration,consider
consignee,consign
consigner,consign
consignment,consign
consolation,console
consolidation,consolidate
conspiracy,conspire
conspirator,conspire
constellation,constellate
consternation,consternate
constipation,constipate
constitution,constitute
constriction,constrict
constrictor,constrict
construction,construe
constructor,construct
consubstantiation,consubstantiate
consultant,consult
consultation,consult
consumer,consume
consummation,consummate
consumption,consume
container,contain
containerisation,containerize
containment,contain
contamination,contaminate
contaminator,contaminate
contemplation,contemplate
contender,contend
contention,contend
contentment,content
contestant,contest
continuance,continue
continuation,continue
contortion,contort
contraction,contract
contractor,contract
contradiction,contradict
contraindication,contraindicate
contravention,contravene
contribution,contribute
contributor,contribute
contrivance,contrive
contriver,contrive
controversy,controvert
contusion,contuse
convener,convene
convention,convene
conversation,converse
conversion,convert
converter,convert
conveyance,convey
conveyer,convey
conviction,convict
convocation,convoke
convolution,convolve
convulsion,convulse
cooker,cook
cookery,cook
cookie,cook
coolant,cool
cooler,cool
co-operation,cooperate
co-operator,cooperate
co-ordination,co-ordinate
co-ordinator,co-ordinate
copier,copy
copulation,copulate
copy editor,copy
copyholder,copy
copyist,copy
copy-writer,copy
cordage,cord
corer,core
corkage,cork
corker,cork
correction,correct
correlation,correlate
correspondence,correspond
correspondent,correspond
corroboration,corroborate
corroborator,corroborate
corrosion,corrode
corrugation,corrugate
corruption,corrupt
coruscation,coruscate
counsellor,counsel
counter,count
counteraction,counteract
counterattacker,counterattack
counterfeiter,counterfeit
courser,course
courtship,court
coverage,cover
cow-catcher,cow
cracker,crack
crammer,cram
crawler,crawl
creation,create
creator,create
creature,create
creditor,credit
frustration,frustrate
fucker,fuck
fulfillment,fulfil
fuller,full
fulmination,fulminate
fumbler,fumble
fumigation,fumigate
fund-raiser,fund
furnishings,furnishing
furtherance,further
fusion,fuse
gainings,gaining
gambler,gamble
gamekeeper,game
gaoler,jail
garbage collector,garbage
gardener,garden
gas fitter,gas
gas-holder,gas
gasification,gasify
gatecrasher,gate
gatekeeper,gate
gazer,gaze
generalisation,generalize
generation,generate
generator,generate
genuflection,genuflect
germination,germinate
gesticulation,gesticulate
gibberish,gibber
gilder,gild
girder,gird
girth,gird
giver,give
glamorisation,glamorize
glass-blower,glass
glass-cutter,glass
glazier,glaze
gleaner,glean
gleanings,gleaning
glider,glide
glimmerings,glimmering
glissade,glide
globe-trotter,globe
glorification,glorify
goalkeeper,goal
gobbler,gobble
goer,go
go-getter,go
goggles,goggle
goings-on,going on
gold-beater,gold
gold-digger,gold
golfer,golf
good looker,good
governance,govern
government,govern
governor,govern
grabber,grab
gradation,grade
graduation,graduate
grafter,graft
grasshopper,grass
grater,grate
gratification,gratify
gravitation,gravitate towards
grazier,graze
greaser,grease
grievance,grieve
grinder,grind
griper,gripe
grizzly,grizzle
groveler,grovel
grower,grow
growler,growl
growth,grow
grumbler,grumble
guarantor,guarantee
guardian,guard
guidance,guide
gun-runner,gun
gusher,gush
guzzler,guzzle
gyration,gyrate
habitation,habit
hairdresser,hair
hair-restorer,hair
hallucination,hallucinate
handler,handle
hanger,hang
hanger-on,hang on
hangings,hanging
harassment,harass
harborer,harbour
harmonisation,harmonize
harrier,harry
harvester,harvest
hatchery,hatch
haulage,haul
hauler,haul
haulier,haul
haves,have
hawker,hawk
hay-maker,hay
header,head
head-hunter,head
healer,heal
health,heal
hearer,hear
hearing,hear
heart breaker,heart
heater,heat
heckler,heckle
hedgehopper,hedgehop
helper,help
hesitation,hesitate
hewer,hew
hibernation,hibernate
high-flyer,high
highjacker,hijack
hiker,hike
hindrance,hinder
hireling,hire
hitchhiker,hitchhike
hoarder,hoard
hoaxer,hoax
holder,hold
holiday-maker,holiday
homer,home
honeymooner,honeymoon
hooker,hook
hooter,hoot
hopper,hop
hop-picker,hop
horse trader,horse
hospitalisation,hospitalize
housebreaker,house
housekeeper,house
housewrecker,house
hoverer,hover
howler,howl
humiliation,humiliate
hunger marcher,hunger
hunter,hunt
hurdler,hurdle
hustler,hustle
hutment,hut
hybridisation,hybridize
hyphenation,hyphenate
ice-breaker,ice
ice-skater,ice-skate
idealisation,idealize
identification,identify
idler,idle
idolisation,idolize
ignition,ignite
ill-treatment,ill-treat
illumination,illuminate
ill-usage,ill-use
illustration,illustrate
illustrator,illustrate
imagination,imagine
imitation,imitate
imitator,imitate
immersion,immerse
immigration,immigrate
immobilisation,immobilize
immolation,immolate
immunisation,immunize
impairment,impair
impeachment,impeach
impedance,impede
impediment,impede
impeller,impel
impersonation,impersonate
impersonator,impersonate
impingement,impinge upon
implementation,implement
implication,implicate
implosion,implode
importation,import
importer,import
importunity,importune
imposition,impose
impostor,impose
imposture,impose
impoverishment,impoverish
imprecation,imprecate
impression,impress
imprisonment,imprison
improvement,improve
improvisation,improvise
impulsion,impel
imputation,impute to
inauguration,inaugurate
incarceration,incarcerate
incarnation,incarnate
incineration,incinerate
incinerator,incinerate
incision,incise
incisor,incise
incitement,incite
inclination,incline
inclusion,include
incorporation,incorporate
incrimination,incriminate
incubation,incubate
incubator,incubate
inculcation,inculcate
incursion,incur
indemnification,indemnify
indentation,indent
indexer,index
indication,indicate
indicator,indicate
indictment,indict
individualisation,individualize
indoctrination,indoctrinate
inducement,induce
induction,induce
industrialisation,industrialize
inebriation,inebriate
infatuation,infatuate
infection,infect
inference,infer
infestation,infest
infiltration,infiltrate
infiltrator,infiltrate
inflammation,inflame
inflation,inflate
inflection,inflect
infliction,inflict upon
informant,inform
information,inform
informer,inform
infraction,infract
infringement,infringe
infusion,infuse
ingestion,ingest
inhabitant,inhabit
inhaler,inhale
inheritance,inherit
inhibition,inhibit
initiation,initiate
injection,inject
injury,injure
inn-keeper,inn
innovation,innovate
innovator,innovate
inoculation,inoculate
inscription,inscribe
insemination,inseminate
insertion,insert
insinuation,insinuate
inspection,inspect
inspector,inspect
inspiration,inspire
installation,install
installment,install
instigation,instigate
instigator,instigate
instillation,instil
institution,institute
instruction,instruct
instructor,instruct
instrumentation,instrument
insulation,insulate
insulator,insulate
insurance,insure
insurer,insure
integration,integrate
intensification,intensify
intention,intend
interaction,interact
interception,intercept
interceptor,intercept
intercession,intercede
intercommunication,intercommunicate
interdiction,interdict
interference,interfere
interjection,interject
interloper,interlope
intermarriage,intermarry
interment,inter
intermission,intermit
internalisation,internalize
internationalisation,internationalize
internee,intern
internment,intern
interpellation,interpellate
interpolation,interpolate
interposition,interpose
interpretation,interpret
interpreter,interpret
interrelation,interrelate
interrogation,interrogate
interrogator,interrogate
interrupter,interrupt
interruption,interrupt
intersection,intersect
intervention,intervene
interviewer,interview
intimation,intimate
intimidation,intimidate
intonation,intone
intoxication,intoxicate
introduction,introduce
introspection,introspect
introversion,introvert
intruder,intrude
intrusion,intrude
intuition,intuit
inundation,inundate
invader,invade
invalidation,invalidate
invasion,invade
invention,invent
inventor,invent
inventory,invent
inversion,invert
investigation,investigate
investigator,investigate
investment,invest
investor,invest
invigilation,invigilate
invigilator,invigilate
invitation,invite
invocation,invoke
involvement,involve
ionisation,ionize
irrigation,irrigate
irritation,irritate
isolation,isolate
iteration,iterate
itinerary,itinerate
jabberer,jabber
jaw-breaker,jaw
jay-walker,jaywalk
jerry-builder,jerry-build
jester,jest
jobber,job
jogger,jog
joiner,join
joinery,join
joker,joke
jollification,jollify
jotter,jot
jubilation,jubilate
judgement,judge
juggler,juggle
jumper,jump
justification,justify
juxtaposition,juxtapose
keeper,keep
keeps,keep
keyboarder,keyboard
kicker,kick
kidder,kid
kidnapper,kidnap
killer,kill
kingmaker,king
kisser,kiss
knitter,knit
knocker,knock
knuckle-duster,knuckle
laborer,labour
laceration,lacerate
lactation,lactate
laggard,lag
lamentation,lament
lamplighter,lamp
landholder,land
landowner,land
latecomer,late
latinisation,latinize
launderer,launder
launderette,launder
law-breaker,law
law-giver,law
lawn-mower,lawn
layer,lay
leader,lead
leakage,leak
learner,learn
leaseholder,lease
leavings,leaving
lecturer,lecture
leftovers,left over
legalisation,legalize
legislation,legislate
legislator,legislate
legislature,legislate
lender,lend
lessee,lease
lessor,lease
leveler,level
leverage,lever
levitation,levitate
liar,lie
liberalisation,liberalize
liberation,liberate
liberator,liberate
licensee,license
licentiate,license
life preserver,life
life-saver,life
ligament,ligate
ligature,ligate
lighter,light
limitation,limit
liner,line
line-shooter,line
lingerer,linger
linkage,link
lion-hunter,lion
lionisation,lionize
liquefaction,liquefy
liquidation,liquidate
liquidator,liquidate
liquidiser,liquidize
listener,listen
litigant,litigate
litigation,litigate
liver,live
loafer,loaf
lobbyist,lobby
localisation,localize
location,locate
lock keeper,lock
locker,lock
lodgement,lodge
lodger,lodge
logger,log
loiterer,loiter
looker,look
looker-on,look on
looter,loot
loppings,lopping
loser,lose
lotus-eater,lotus
loud-hailer,loud
loud-speaker,loud
lounger,lounge
lover,love
lovers,
lubricant,lubricate
lubrication,lubricate
lubricator,lubricate
luggage,lug
lurcher,lurch
mace-bearer,mace
maceration,macerate
machination,machinate
magnetization,magnetize
magnification,magnify
magnifier,magnify
maintenance,maintain
maker,make
malingerer,malinger
maltreatment,maltreat
maltster,malt
management,manage
manager,manage
man-eater,man
maneuverer,manoeuvre
manicurist,manicure
manifestation,manifest
manipulation,manipulate
manufacturer,manufacture
manumission,manumit
map-reader,map
marauder,maraud
marcher,march
marker,mark
marketer,market
marriage,marry
masher,mash
masquerader,masquerade
masseur,massage
masseuse,massage
mastication,masticate
masturbation,masturbate
matchmaker,match
materialisation,materialize
matriculation,matriculate
maturation,maturate
maximisation,maximize
measurement,measure
mechanisation,mechanize
meddler,meddle
mediation,mediate
mediator,mediate
medication,medicate
meditation,meditate
melioration,meliorate
meliorism,meliorate
mender,mend
menstruation,menstruate
merger,merge
merry-maker,merry
metal-worker,metal
metrication,metricate
migrant,migrate
migration,migrate
militarisation,militarize
milker,milk
mimicry,mimic
mincer,mince
minder,mind
mine-layer,mine
miner,mine
mine-sweeper,mine
ministrant,minister to
ministration,minister to
misapplication,misapply
misapprehension,misapprehend
misappropriation,misappropriate
misbehavior,misbehave
miscalculation,miscalculate
miscarriage,miscarry
mischief-maker,mischief
misconstruction,misconstrue
misdemeanor,misdemean
misdirection,misdirect
misgovernment,misgovern
misinterpretation,misinterpret
misjudgement,misjudge
mismanagement,mismanage
misplacement,misplace
mispronunciation,mispronounce
misquotation,misquote
misrepresentation,misrepresent
misstatement,misstate
mistranslation,mistranslate
mitigation,mitigate
mixer,mix
mixture,mix
moaner,moan
mobilisation,mobilize
mocker,mock
mockery,mock
modeler,model
moderation,moderate
moderator,moderate
modernisation,modernize
modification,modify
modifier,modify
modulation,modulate
molestation,molest
mollification,mollify
money-changer,money
money-grubber,money
money-lender,money
moneymaker,money
money-spinner,money
monopolisation,monopolize
moonlighter,moonlight
moorings,mooring
moraliser,moralize
mortgagee,mortgage
mortgagor,mortgage
mortification,mortify
motivation,motivate
motorist,motor
mourner,mourn
movement,move
mover,move
mower,mow
muck-raker,muckrake
mud-slinger,mud
muffler,muffle
mugger,mug
multiplication,multiply
mummer,mum
mummery,mum
mummification,mummify
murderer,murder
mutant,mutate
mutation,mutate
mutilation,mutilate
mutterer,mutter
muzzle-loader,muzzle
mystification,mystify
nagger,nag
namedropper,namedrop
narration,narrate
narrator,narrate
nasalisation,nasalize
nationalisation,nationalize
naturalisation,naturalize
navigation,navigate
navigator,navigate
negation,negate
negotiation,negotiate
negotiator,negotiate
neutralisation,neutralize
neutralizer,neutralize
new-comer,new
news dealer,news
newsreader,news
newsvendor,news
niggler,niggle
nipper,nip
nippers,
nitpicker,nitpick
nomination,nominate
nominee,nominate
non-alignment,non
nonconformism,non
normalisation,normalize
nosher,nosh
notation,notate
notification,notify
nourishment,nourish
nullification,nullify
numeration,numerate
numerator,numerate
nurseling,nurse
nutcracker,nut
obfuscation,obfuscate
objection,object
objector,object
objurgation,objurgate
obligation,obligate
obliteration,obliterate
obscurant,obscure
observation,observe
observer,observe
obsession,obsess
obstruction,obstruct
occupancy,occupy
occupant,occupy
occupation,occupy
occupier,occupy
occurrence,occur
offence,offend
offender,offend
offertory,offer
office bearer,office
office-holder,office
off-scourings,off
oil-burner,oil
omission,omit
onlooker,look on
opener,open
operation,operate
operator,operate
opinion,opine
opponent,oppose
opposition,oppose
oppression,oppress
oppressor,oppress
option,opt for
oration,orate
orator,orate
orchestration,orchestrate
ordination,ordain
organ grinder,organ
organisation,organize
organiser,organize
orientation,orientate
originator,originate
ornamentation,ornament
oscillation,oscillate
oscillator,oscillate
oscillograph,
oscilloscope,
osculation,osculate
ossification,ossify
outage,out
outfitter,outfit
outgrowth,outgrow
outlawry,outlaw
outrider,ride out
outrigger,out
overcapitalisation,overcapitalize
overcompensation,overcompensate
over-exertion,over-exert
over-exposure,overexpose
overgrowth,grow over
over-indulgence,over-indulge
over-payment,overpay
over-production,over-produce
overseer,oversee
oversimplification,oversimplify
overstatement,overstate
owner,own
oxidisation,oxidize
oyster-catcher,oyster
pace-maker,pace
pace-setter,pace
pacification,pacify
pacifier,pacify
package,pack
packer,pack
pagination,paginate
pain-killer,pain
painter,paint
pall-bearer,pall
palliation,palliate
palpation,palpate
palpitation,palpitate
panhandler,panhandle
paper-hanger,paper
parachutist,parachute
parchment,parch
pardoner,pardon
parer,pare
park keeper,park
participant,participate
participation,participate
particularisation,particularize
passage,pass
passivisation,passivize
pasteurisation,pasteurize
pasturage,pasture
patentee,patent
path-finder,path
pauperisation,pauperize
pavement,pave
payee,pay
payer,pay
payment,pay
peacemaker,peace
pearl diver,pearl
pearl fisher,pearl
pea-shooter,pea
pecker,peck
peculation,peculate
peddler,peddle
peeler,peel
peelings,peeling
peeper,peep
pen pusher,pen
penalisation,penalize
penetration,penetrate
penny pincher,penny
perambulation,perambulate
perambulator,perambulate
perception,perceive
percolation,percolate
percolator,percolate
peregrination,peregrinate
perfection,perfect
perforation,perforate
performance,perform
performer,perform
perfumer,perfume
perisher,perish
perjurer,perjure
permeation,permeate
permission,permit
permutation,permute
peroration,perorate
perpetration,perpetrate
perpetrator,perpetrate
perpetuation,perpetuate
persecution,persecute
persecutor,persecute
perseverance,persevere
personalisation,personalize
personation,personate
personification,personify
perspiration,perspire
persuasion,persuade
perturbation,perturb
perusal,peruse
pervasion,pervade
perversion,pervert
petitioner,petition
petrifaction,petrify
pew-opener,pew
philanderer,philander
photocopier,photocopy
photographer,photograph
photography,photograph
photosensitisation,photosensitize
picker,pick
picketer,picket
pickings,picking
picnicker,picnic
pile driver,pile
pilferage,pilfer
pilferer,pilfer
pillager,pillage
pipe cleaner,pipe
pipe opener,pipe
piper,pipe
pitcher,pitch
placement,place
placeseeker,place
planner,plan
plantation,plant
planter,plant
plasterer,plaster
platelayer,plate
play-actor,play-act
player,play
playgoer,play
pleasure,please
pliers,
plodder,plod
plotter,plot
plumber,plumb
plunderer,plunder
plunger,plunge
poacher,poach
pointer,point
poisoner,poison
poker,poke
polarisation,polarize
pole-vaulter,pole-vault
polisher,polish
politicalisation,politicalize
politicisation,politicize
pollard,poll
pollination,pollinate
pollster,poll
pollutant,pollute
pollution,pollute
popper,pop
popularisation,popularize
population,populate
portage,port
portent,portend
porter,port
portrayal,portray
poser,pose
poseur,pose
position,posit
possession,possess
possessor,possess
postage,post
postponement,postpone
postulant,postulate
pot-boiler,pot
pot-hunter,pot
potterer,potter about
practician,practise
prattler,prattle
prayer,pray
preacher,preach
prearrangement,prearrange
precipitation,precipitate
preclusion,preclude
predestination,predestinate
predetermination,predetermine
prediction,predict
predictor,predict
predisposition,predispose
pre-emption,pre-empt
preemptor,pre-empt
prefabrication,prefabricate
preference,prefer
preferment,prefer
prejudgement,prejudge
premeditation,premeditate
preoccupation,preoccupy
preordainment,preordain
preordination,preordain
preparation,prepare
preparedness,prepared
prescript,prescribe
prescription,prescribe
presentation,present
presenter,present
preservation,preserve
preserver,preserve
president,preside
pressure,press
pressurisation,pressurize
presumption,presume
presupposition,presuppose
pretence,pretend
pretender,pretend
pretension,pretend
prevarication,prevaricate
prevaricator,prevaricate
preventative,prevent
prevention,prevent
pricker,prick
printer,print
print-seller,print
prizefighter,prize
probation,probate
procedure,proceed
proceeds,proceed
procession,process
process-server,process
proclamation,proclaim
procrastination,procrastinate
procreation,procreate
procurator,procure
procurement,procure
procurer,procure
producer,produce
production,produce
profanation,profane
profession,profess
professor,profess
profiteer,profit
prognostication,prognosticate
prognosticator,prognosticate
programer,programme
progression,progress
prohibition,prohibit
projection,project
projector,project
proliferation,proliferate
prolongation,prolong
promenader,promenade
promoter,promote
promotion,promote
prompter,prompt
promulgation,promulgate
promulgator,promulgate
pronouncement,pronounce
pronunciation,pronounce
proof-reader,proof
propagation,propagate
propagator,propagate
propeller,propel
propitiation,propitiate
proponent,propose
proposal,propose
proposer,propose
proposition,propose
propulsion,propel
prorogation,prorogue
proscription,proscribe
prosecution,prosecute
prosecutor,prosecute
proselytizer,proselytize
prospector,prospect
prostitution,prostitute
prostration,prostrate
protection,protect
protector,protect
Protestant,protest
protestation,protest
protester,protest
protraction,protract
protractor,protract
protrusion,protrude
provider,provide
provision,provide
provocation,provoke
prowler,prowl
pruners,
pub-crawler,pub-crawl
publication,publish
publicist,publish
publisher,publish
puddler,puddle
puffer,puff
pullulation,pullulate
pulsation,pulsate
pulverisation,pulverize
puncher,punch
punctuation,punctuate
punishment,punish
punster,pun
punter,punt
pupation,pupate
purchaser,purchase
purgation,purge
purification,purify
purse-snatcher,purse
pursuance,pursue
pursuer,pursue
purveyance,purvey
purveyor,purvey
pusher,push
putrefaction,putrefy
putter,put
putter,putt
putterer,putter about
puzzlement,puzzle
puzzler,puzzle
Quaker,quake
qualification,qualify
qualifier,qualify
quantification,quantify
question,quest
questioner,question
quibbler,quibble
quittance,quit
quitter,quit
quotation,quote
rabble-rouser,rabble
racer,race
radiation,radiate
radiator,radiate
raider,raid
raillery,rail
rambler,ramble
ramification,ramify
rampage,ramp about
range finder,range
ranger,range
ranker,rank
ransomer,ransom
ranter,rant
rapist,rape
rarefaction,rarefy
rate-payer,rate
ratification,ratify
ratiocination,ratiocinate
rationalisation,rationalize
ratter,rat
rattler,rattle
ravages,ravage
raver,rave
ravings,raving
ravishment,ravish
reaction,react
reactor,react
reader,read
readjustment,readjust
ready reckoner,ready
re-afforestation,reafforest
reagent,react
realignment,realign
realisation,realize
reaper,reap
reappearance,reappear
rearmament,rearm
rearrangement,rearrange
reasoner,reason
reassurance,reassure
rebellion,rebel
rebuttal,rebut
recantation,recant
recapitulation,recapitulate
receipt,receive
receiver,receive
reception,receive
recession,recede
recipient,receive
reciprocation,reciprocate
recital,recite
recitation,recite
reciter,recite
reckoner,reckon
reclamation,reclaim
recognisance,recognize
recognition,recognize
recollection,recollect
recommendation,recommend
reconcilement,reconcile
reconciliation,reconcile
reconnaissance,reconnoitre
reconsideration,reconsider
reconstruction,reconstruct
record player,record
recorder,record
recovery,recover
recreation,recreate
recrimination,recriminate
recruitment,recruit
rectification,rectify
rectifier,rectify
recuperation,recuperate
redaction,redact
redemption,redeem
redeployment,redeploy
redistribution,redistribute
reduction,reduce
reduplication,reduplicate
reeducation,reeducate
reefer,reef
referee,refer to
reference,refer to
refinement,refine
refiner,refine
refinery,refine
reflation,reflate
reflection,reflect
reflector,reflect
reforestation,reforest
Reformation,reform
reformer,reform
refraction,refract
refresher,refresh
refreshment,refresh
refrigerant,refrigerate
refrigeration,refrigerate
refrigerator,refrigerate
refusal,refuse
refutation,refute
regeneration,regenerate
regimentation,regiment
registration,register
registry,register
regression,regress
regularisation,regularize
regulation,regulate
regulator,regulate
regurgitation,regurgitate
rehabilitation,rehabilitate
rehearsal,rehearse
reification,reify
reimbursement,reimburse
reincarnation,reincarnate
reinforcement,reinforce
reinstatement,reinstate
reinsurance,reinsure
reiteration,reiterate
rejection,reject
rejoinder,rejoin
rejuvenation,rejuvenate
relation,relate
relaxation,relax
relegation,relegate
relocation,relocate
remainder,remain
remains,remain
remarriage,remarry
remembrance,remember
remilitarisation,remilitarize
reminder,remind
remission,remit
remittance,remit
remonstrance,remonstrate
removal,remove
remover,remove
remuneration,remunerate
renegade,renege
renewal,renew
renovation,renovate
renovator,renovate
rental,rent
renter,rent
rentier,rent
renunciation,renounce
reorganisation,reorganize
repairer,repair
reparation,repair
repatriation,repatriate
repayment,repay
repeater,repeat
repetition,repeat
replacement,replace
replenishment,replenish
reportage,report
reporter,report
repossession,repossess
representation,represent
repression,repress
reprobation,reprobate
reproducer,reproduce
reproduction,reproduce
repudiation,repudiate
repulsion,repulse
reputation,repute
requirement,require
requital,requite
rescuer,rescue
researcher,research
resemblance,resemble
resentment,resent
reservation,reserve
reservist,reserve
resettlement,resettle
resignation,resign
resister,resist
resistor,resist
resolution,resolve
resonator,resonate
respecter,respect
respiration,respire
respirator,respire
respondent,respond
response,respond
restatement,restate
restoration,restore
restorer,restore
restraint,restrain
restriction,restrict
resumption,resume
resurrection,resurrect
resuscitation,resuscitate
retailer,retail
retainer,retain
retaliation,retaliate
retardation,retard
retention,retain
reticulation,reticulate
retirement,retire
retraction,retract
retrenchment,retrench
retrieval,retrieve
retriever,retrieve
retrogression,retrogress
reunion,reunite
revaluation,revalue
revelation,reveal
reveler,revel
revelry,revel
reverberation,reverberate
reversal,reverse
reversion,reverse
reviewer,review
reviler,revile
reviser,revise
revision,revise
revitalisation,revitalize
revival,revive
revocation,revoke
revolution,revolve
revolver,revolve
rhymester,rhyme
riddance,rid of
rider,ride
rigger,rig
ringer,ring
rioter,riot
riser,rise
riveter,rivet
road mender,road
roamer,roam
roaster,roast
robber,rob
robbery,rob
rocker,rock
roller,roll
roller-skater,roller-skate
romper,romp
roomer,room
rooster,roost
rope-dancer,rope
rope-walker,rope
rotation,rotate
rotter,rot
rough-rider,rough
rounders,
rover,rove
rower,row
ruination,ruin
ruler,rule
rumination,ruminate
rum-runner,rum
runner,run
runner-up,run up
rustication,rusticate
rustler,rustle
safebreaker,safe
safecracker,safe
sailor,sail
salivation,salivate
salutation,salute
salvage,salve
salvation,salvage
sampler,sample
sanctification,sanctify
sander,sand
sapper,sap
satisfaction,satisfy
saturation,saturate
saunterer,saunter
saver,save
savings,saving
savior,save
sawyer,saw
scanner,scan
scansion,scan
scavenger,scavenge
scene-shifter,scenery
schemer,scheme
scintillation,scintillate
scoffer,scoff
scooter,scoot
scorcher,scorch
scorekeeper,score
scorer,score
scourer,scour
scrambler,scramble
scraper,scrape
scrapings,scraping
screw-driver,screw
scribbler,scribble
scrimshanker,scrimshank
scriptwriter,script
scrounger,scrounge
scrubber,scrub
sculler,scull
sculptor,sculpt
sculpture,sculpt
sealer,seal
seamstress,seam
searcher,search
sea-rover,sea
seclusion,seclude
seconder,second
secondment,second
secretion,secrete
secularisation,secularize
seculariser,secularize
sedation,sedate
seducer,seduce
seduction,seduce
seeker,seek
seepage,seep
seer,see
segmentation,segment
segregation,segregate
seizure,seize
selection,select
selector,select
seller,sell
sender,send
sensation,sense
sensitization,sensitize
sensor,sense
separation,separate
separatist,separate
separator,separate
sequestration,sequestrate
serialisation,serialize
servant,serve
server,serve
servery,serve
service,serve
setter,set
settlement,settle
settler,settle
severance,sever
sewer,sew
shaker,shake
share-cropper,share
shareholder,share
sharer,share
sharpener,sharpen
sharp-shooter,sharp
shaver,shave
shavings,shaving
shiner,shine
ship-breaker,ship
shipbuilder,ship
shipment,ship
shipper,ship
shirker,shirk
shock absorber,shock
shocker,shock
shoemaker,shoe
shopkeeper,shop
shop-lifter,shoplift
shopper,shop
shop-walker,shop
shredder,shred
shrinkage,shrink
shuffler,shuffle
shunter,shunt
shutter,shut
sifter,sift
sight-reader,sight-read
sightseer,sight
signaler,signal
signer,sign
signification,signify
sign-painter,sign
silencer,silence
simplification,simplify
simulation,simulate
simulator,simulate
singer,sing
sinker,sink
sinner,sin
sitter,sit
situation,situate
six-shooter,six
sizzler,sizzle
skateboarder,skateboard
skater,skate
sketcher,sketch
skier,ski
skimmer,skim
skirmisher,skirmish
skiver,skive
skulker,skulk
skydiver,sky
skyjacker,skyjack
skyscraper,sky
slacker,slack
slanderer,slander
slaughterer,slaughter
slave driver,slave
slayer,slay
sleeper,sleep
sleep-walker,sleepwalk
slimmer,slim
slinger,sling
slipper,slip
slogger,slog
sluggard,slug
slumberer,slumber
smacker,smack
smasher,smash
smoker,smoke
smoocher,smooch
smuggler,smuggle
snake charmer,snake
snapper,snap
snatcher,snatch
sneaker,sneak
sneerer,sneer
sniffer,sniff
sniffler,sniffle
sniper,snipe
snippet,snip
sniveler,snivel
snooper,snoop
snorer,snore
snorter,snort
snuffer,snuff
soaker,soak
socialisation,socialize
softener,soften
sojourner,sojourn
solemnisation,solemnize
solicitation,solicit
solicitor,solicit
solicitude,solicit
solidification,solidify
solution,solve
solver,solve
somnambulism,somnambulate
sophistication,sophisticate
sorter,sort
soundings,sounding
sower,sow
space heater,space
spanner,span
sparkler,sparkle
speaker,speak
specialisation,specialize
specification,specify
speculation,speculate
speculator,speculate
speed-indicator,speed
spellbinder,spellbind
speller,spell
spender,spend
spin-drier,spin-dry
spinner,spin
spinster,spin
spirit-rapper,spirit
spiritualisation,spiritualize
spittle,spit
splicer,splice
spoilage,spoil
spoiler,spoil
spoliation,spoliate
sponger,sponge
spotter,spot
spouter,spout
sprayer,spray
spreader,spread
sprinkler,sprinkle
sprinter,sprint
squaller,squall
squanderer,squander
squatter,squat
squawker,squawk
squeaker,squeak
squealer,squeal
squeezer,squeeze
squirter,squirt
stabber,stab
stabilisation,stabilize
stabiliser,stabilize
stage manager,stage
stager,stage
staggerer,stagger
stagnation,stagnate
stake-holder,stake
stalker,stalk
stallholder,stall
stammerer,stammer
stamp-collector,stamp
stamp-dealer,stamp
standard-bearer,standard
standardisation,standardize
stander,stand
stapler,staple
star-gazer,star
starter,start
starvation,starve
starveling,starve
statement,state
stayer,stay
stealth,steal
steamer,steam
steerage,steer
sterilisation,sterilize
sticker,stick
stickler,stickle
stiffener,stiffen
stimulant,stimulate
stimulation,stimulate
stinger,sting
stinker,stink
stipulation,stipulate
stirrer,stir
stock-breeder,stock
stock-farmer,stock
stockholder,stock
stockist,stock
stoker,stoke
stone-breaker,stone
stonecutter,stone
stone-waller,stonewall
stoppage,stop
stopper,stop
storage,store
story-teller,story
stowage,stow
straggler,straggle
strainer,strain
strangulation,strangulate
strap-hanger,strap
stratification,stratify
streaker,streak
streamer,stream
street-walker,street
stretcher,stretch
stretcher-bearer,stretcher
striation,striate
stridulation,stridulate
strike-breaker,strike
strike-leader,strike
striker,strike
stripper,strip
striver,strive
stroller,stroll
student,study
stultification,stultify
stumbler,stumble
stumper,stump
stunner,stun
stupefaction,stupefy
stutterer,stutter
subcontractor,subcontract
subdivision,subdivide
subeditor,subedit
subjection,subject
subjugation,subjugate
sublimation,sublimate
submergence,submerge
submersible,submerse
submersion,submerse
submission,submit
subordination,subordinate
subornation,suborn
subscriber,subscribe
subscription,subscribe
subsidence,subside
subsidisation,subsidize
subsidiser,subsidize
substantiation,substantiate
substitution,substitute
subtraction,subtract
subversion,subvert
succession,succeed
successor,succeed
sucker,suck
suckling,suck
suction,suck
sufferance,suffer
sufferer,suffer
suffocation,suffocate
suffusion,suffuse
suggestion,suggest
suitor,suit
summation,sum up
sun worshipper,sun
sunbather,sunbathe
superannuation,superannuate
supercharger,super
superintendent,superintend
superscription,superscribe
supersession,supersede
supervision,supervise
supervisor,supervise
supper,sup
supplanter,supplant
supplicant,supplicate
supplication,supplicate
supplier,supply
supporter,support
supposition,suppose
suppression,suppress
suppressor,suppress
suppuration,suppurate
surfer,surf
surroundings,surrounding
surveyor,survey
survival,survive
survivor,survive
suspender,suspend
suspension,suspend
suspicion,suspect
sustenance,sustain
swaggerer,swagger
swallower,swallow
swatter,swat
swearer,swear
sweater,sweat
sweeper,sweep
sweepings,sweeping
sweetener,sweeten
swimmer,swim
swindler,swindle
swinger,swing
swooper,swoop
swotter,swot
syllabication,syllabicate
syllabification,syllabify
symbolisation,symbolize
sympathiser,sympathize
synchronisation,synchronize
syncopation,syncopate
syndication,syndicate
synthesiser,synthesize
systematisation,systematize
tabulation,tabulate
tabulator,tabulate
taker,take
takings,taking
talker,talk
talkie,talk
tamer,tame
tanner,tan
tannery,tan
tap dancer,tap-dance
tappet,tap
tapster,tap
taster,taste
tattler,tattle
tattooist,tattoo
tax collector,tax
taxation,tax
tax-payer,tax
teacher,teach
tearjerker,tear
teaser,tease
telegrapher,telegraph
telegraphist,telegraph
telephonist,telephone
telephony,telephone
television,televise
teller,tell
temptation,tempt
tempter,tempt
tendency,tend
tender,tend
tergiversation,tergiversate
termination,terminate
tester,test
theatergoer,theatre
thickener,thicken
thievery,thieve
thinker,think
thinner,thin
thought-reader,thought
thresher,thresh
thriller,thrill
thrower,throw
thruster,thrust
thunderer,thunder
ticker,tick
ticket collector,ticket
tickler,tickle
tiebreaker,tie
tightrope walker,tightrope
tiler,tile
tillage,till
tiller,till
tilth,till
timekeeper,time
timer,time
time-server,time
tin opener,tin
tinter,tint
tipper,tip
tippler,tipple
titillation,titillate
titleholder,title
toaster,toast
toddler,toddle
togs,tog out
toiler,toil
toleration,tolerate
tongue twister,tongue
toper,tope
tormentor,torment
torturer,torture
totalisator,totalize
toucher,touch
tourism,tour
tracer,trace
tracery,trace
tracker,track
trader,trade
traducer,traduce
trafficker,traffic
trailer,trail
trainee,train
trainer,train
trammels,trammel
tranquilizer,tranquillize
transaction,transact
transcript,transcribe
transcription,transcribe
transference,transfer
transfiguration,transfigure
transformation,transform
transformer,transform
transfusion,transfuse
transgression,transgress
transgressor,transgress
transhipment,transship
translation,translate
translator,translate
transliteration,transliterate
transmigration,transmigrate
transmission,transmit
transmitter,transmit
transmogrification,transmogrify
transmutation,transmute
transpiration,transpire
transplantation,transplant
transportation,transport
transporter,transport
transposition,transpose
transubstantiation,transubstantiate
trapper,trap
traveler,travel
trawler,trawl
treasurer,treasure
treater,treat
treatise,treat
treatment,treat
trencher,trench
trend-setter,trend
trespasser,trespass
trial,try
trickster,trick
trier,try
trifler,trifle away
trimmer,trim
troop carrier,troop
trooper,troop
trotter,trot
trouble-maker,trouble
trouble-shooter,trouble
trumpeter,trumpet
trustee,trust
tub-thumper,tub
tucker,tuck
tumbler,tumble
tuner,tune
tunneler,tunnel
turner,turn
tweeter,tweet
twirler,twirl
twister,twist
twitcher,twitch
twitterer,twitter
two-seater,two
two-timer,two-time
typesetter,type
typewriter,type
typist,type
ulceration,ulcerate
ululation,ululate
underexposure,underexpose
undernourishment,undernourish
underpayment,underpay
understatement,understate
undertaker,undertake
undervaluation,undervalue
underwriter,underwrite
undulation,undulate
unification,unify
unionisation,unionize
unity,unite
unloader,unload
upheaval,up
upholder,uphold
upholsterer,upholster
upholstery,upholster
uprising,up
urbanisation,urbanize
urination,urinate
usage,use
user,use
usurpation,usurp
usurper,usurp
utilisation,utilize
utterance,utter
vacation,vacate
vacationer,vacation
vacationist,vacation
vaccination,vaccinate
vacillation,vacillate
validation,validate
valuation,value
valuer,value
vaporisation,vaporize
variation,vary
variegation,variegate
variety,vary
vaulter,vault
vaunter,vaunt
vegetation,vegetate
vendee,vend
vender,vend
veneration,venerate
vengeance,venge
ventilation,ventilate
ventilator,ventilate
venturer,venture
verification,verify
versification,versify
versifier,versify
vestment,vest
vesture,vest
vetoer,veto
vexation,vex
vibraphone,vibrate
vibration,vibrate
vibrator,vibrate
victimisation,victimize
victualer,victual
victuals,victual
viewer,view
viewfinder,view
vilification,vilify
vindication,vindicate
violation,violate
visitant,visit
visitation,visit
visitor,visit
visualisation,visualize
vitalization,vitalize
vitiation,vitiate
vituperation,vituperate
vivisection,vivisect
vociferation,vociferate
voter,vote
voucher,vouch for
voyager,voyage
vulcanisation,vulcanize
vulgarisation,vulgarize
wader,wade
wage earner,wage
wager,wage
waiter,wait
waiver,waive
walker,walk
walkie-talkie,walk
wanderer,wander
wanderings,wandering
wanker,wank
warbler,warble
warmer,warm
warrantee,warrant
warrantor,warrant
warranty,warrant
washer,wash
wastage,waste
waster,waste
watcher,watch
watch-maker,watch
water softener,water
water-finder,water
waverer,waver
wayfarer,way
wearer,wear
weather forecaster,weather
weaver,weave
weed-killer,weed
weekender,weekend
weight lifter,weight
welcher,welsh
welder,weld
well-wisher,well
westernisation,westernize
whacker,whack
whiner,whine
whipper-in,whip in
whipper-snapper,whip
whisker,whisk
whisperer,whisper
whittler,whittle
whopper,whop
wicket keeper,wicket
wielder,wield
wiggler,wiggle
windbreaker,wind
wind-cheater,wind
window shopper,window-shop
windscreen wiper,windscreen
winebibber,wine
wing commander,wing
winkers,
winner,win
winnings,winning
wiper,wipe
wire-puller,wire
withdrawal,withdraw
wobbler,wobble
womaniser,womanize
wonderment,wonder
woodcutter,wood
woodpecker,wood
wooer,woo
worker,work
workings,working
world-beater,world
worshiper,worship
wrangler,wrangle
wrapper,wrap
wreckage,wreck
wrecker,wreck
wrestler,wrestle
wriggler,wriggle
wringer,wring
writer,write
wrongdoer,wrong
yodeler,yodel
zipper,zip
